t, Device Position, Proxy Position, Force
0.0,0.0,-0.25,0.0,0.0,-0.25,0.0,0.0,0.0,0.0
3.250400004617404e-05,0.0,-0.25,0.0,0.0,-0.25,0.0,0.0,0.0,0.0
0.10029513200015572,0.0,-0.25,0.0,0.0,-0.25,0.0,0.0,0.0,0.0
0.2005838280001626,0.0,-0.25,0.0,0.0,-0.25,0.0,0.0,0.0,0.0
0.3008762880001541,0.0,-0.25,0.0,0.0,-0.25,0.0,0.0,0.0,0.0
0.40138705800018215,0.0,-0.25,0.0,0.0,-0.25,0.0,0.0,0.0,0.0
0.5017999359999976,0.0,-0.25,0.0,0.0,-0.25,0.0,0.0,0.0,0.0
0.6020900579999307,0.0,-0.25,0.0,0.0,-0.25,0.0,0.0,0.0,0.0
0.7027303600000323,0.0,-0.25,0.0,0.0,-0.25,0.0,0.0,0.0,0.0
0.8030612410000231,0.0,-0.25,0.0,0.0,-0.25,0.0,0.0,0.0,0.0
0.9033999869998297,0.0,-0.25,0.0,0.0,-0.25,0.0,0.0,0.0,0.0
1.0037761529999898,0.0,-0.25,0.0,0.0,-0.25,0.0,0.0,0.0,0.0
1.104047842,0.0,-0.25,0.0,0.0,-0.25,0.0,0.0,0.0,0.0
1.2043054789999132,0.0,-0.25,0.0,0.0,-0.25,0.0,0.0,0.0,0.0
1.3046237060000294,0.0,-0.25,0.0,0.0,-0.25,0.0,0.0,0.0,0.0
1.404951260999951,0.0,-0.25,0.0,0.0,-0.25,0.0,0.0,0.0,0.0
1.5052367000000686,0.0,-0.25,0.0,0.0,-0.25,0.0,0.0,0.0,0.0
1.6055614060001062,0.0,-0.25,0.0,0.0,-0.25,0.0,0.0,0.0,0.0
1.7058386399999108,0.0,-0.25,0.0,0.0,-0.25,0.0,0.0,0.0,0.0
1.8061581019999267,0.0,-0.25,0.0,0.0,-0.25,0.0,0.0,0.0,0.0
1.9064557709998553,0.0,-0.25,0.0,0.0,-0.25,0.0,0.0,0.0,0.0
2.0067661620000763,0.0,-0.25,0.0,0.0,-0.25,0.0,0.0,0.0,0.0
2.1070160720000786,0.0,-0.25,0.0,0.0,-0.25,0.0,0.0,0.0,0.0
2.2073525370001335,0.0,-0.25,0.0,0.0,-0.25,0.0,0.0,0.0,0.0
2.307669282000006,0.0,-0.25,0.0,0.0,-0.25,0.0,0.0,0.0,0.0
2.4079766499999096,0.0,-0.25,0.0,0.0,-0.25,0.0,0.0,0.0,0.0
2.5083019539999896,0.0,-0.25,0.0,0.0,-0.25,0.0,0.0,0.0,0.0
2.6085857159998795,0.0,-0.25,0.0,0.0,-0.25,0.0,0.0,0.0,0.0
2.7089374279998992,0.0,-0.25,0.0,0.0,-0.25,0.0,0.0,0.0,0.0
2.809275418999732,0.0,-0.25,0.0,0.0,-0.25,0.0,0.0,0.0,0.0
2.9095883139998477,0.05,-0.25,0.0,0.05,-0.25,0.0,0.0,0.0,0.0
3.009903987999678,0.05,-0.2,0.0,0.05,-0.2,0.0,0.0,0.0,0.0
3.1102580009996927,0.05,-0.2,0.0,0.05,-0.2,0.0,0.0,0.0,0.0
3.2105329289997826,0.05,-0.15,0.0,0.05,-0.15,0.0,0.0,0.0,0.0
3.3108685539998532,0.05,-0.15,0.0,0.05,-0.15,0.0,0.0,0.0,0.0
3.411195703999738,0.1,-0.15,0.0,0.1,-0.15,0.0,0.0,0.0,0.0
3.511516863999759,0.1,-0.09999999999999998,0.0,0.1,-0.09999999999999998,0.0,0.0,0.0,0.0
3.61179240999968,0.1,-0.09999999999999998,0.0,0.1,-0.09999999999999998,0.0,0.0,0.0,0.0
3.712153998999611,0.15,-0.09999999999999998,0.0,0.1415824997419401,-0.11574803533903333,0.0,-1.6835000516119802,-3.14960706780667,0.0
3.8125593999996,0.15,-0.09999999999999998,0.0,0.1415824997419401,-0.11574803533903333,0.0,-1.6835000516119802,-3.14960706780667,0.0
3.9129646439996577,0.15,-0.15,0.0,0.15,-0.15,0.0,0.0,0.0,0.0
4.013492109999788,0.15,-0.15,0.0,0.15,-0.15,0.0,0.0,0.0,0.0
4.11378538699978,0.2,-0.15,0.0,0.2,-0.15,0.0,0.0,0.0,0.0
4.214068699999643,0.2,-0.09999999999999998,0.0,0.2,-0.1301,0.0,0.0,-6.020000000000003,0.0
4.3143556569996235,0.2,-0.09999999999999998,0.0,0.2,-0.1301,0.0,0.0,-6.020000000000003,0.0
4.414741479999748,0.2,-0.04999999999999998,0.0,0.2,-0.1301,0.0,0.0,-16.02,0.0
4.515128176999724,0.2,-0.04999999999999998,0.0,0.2,-0.1301,0.0,0.0,-16.02,0.0
4.6154298699998435,0.2,1.734723475976807e-17,0.0,0.2,-0.1301,0.0,0.0,-26.020000000000003,0.0
4.7158058279999295,0.2,1.734723475976807e-17,0.0,0.2,-0.1301,0.0,0.0,-26.020000000000003,0.0
4.816189799999847,0.25,0.05000000000000002,0.0,0.3448388082803506,-0.02783219850314929,0.0,18.967761656070113,-15.56643970062986,0.0
4.9164753609998115,0.25,0.05000000000000002,0.0,0.29579954426018906,0.08758671460395566,0.0,9.159908852037812,7.517342920791129,0.0
5.016754074999881,0.25,0.10000000000000002,0.0,0.25841750025805993,0.11574803533903334,0.0,1.6835000516119858,3.1496070678066648,0.0
5.117051921999746,0.30000000000000004,0.10000000000000002,0.0,0.30000000000000004,0.10000000000000002,0.0,0.0,0.0,0.0
5.217319518999602,0.30000000000000004,0.10000000000000002,0.0,0.30000000000000004,0.10000000000000002,0.0,0.0,0.0,0.0
5.317757248999669,0.30000000000000004,0.05000000000000002,0.0,0.31574803533903334,0.058417500258059814,0.0,3.149607067806659,1.6835000516119594,0.0
5.4180303749997165,0.30000000000000004,0.05000000000000002,0.0,0.31574803533903334,0.058417500258059814,0.0,3.149607067806659,1.6835000516119594,0.0
5.518357000999686,0.25,0.05000000000000002,0.0,0.295799544260189,0.0875867146039556,0.0,9.159908852037802,7.517342920791117,0.0
5.618599285999608,0.25,1.734723475976807e-17,0.0,0.3294746922829138,0.007827573974322998,0.0,15.894938456582764,1.5655147948645962,0.0
5.718858824999643,0.2,1.734723475976807e-17,0.0,0.3289943242929946,0.01270483202472621,0.0,25.798864858598915,2.5409664049452383,0.0
5.819131525999637,0.2,1.734723475976807e-17,0.0,0.3289943242929946,0.01270483202472621,0.0,25.798864858598915,2.5409664049452383,0.0
5.919435185999646,0.2,-0.04999999999999998,0.0,0.207827573974323,-0.1294746922829138,0.0,1.5655147948645975,-15.894938456582764,0.0
6.019794649999767,0.2,-0.04999999999999998,0.0,0.207827573974323,-0.1294746922829138,0.0,1.5655147948645975,-15.894938456582764,0.0
6.120066150999719,0.2,-0.09999999999999998,0.0,0.20295031592391977,-0.12995506027283305,0.0,0.590063184783951,-5.991012054566614,0.0
6.2203322439995645,0.15,-0.09999999999999998,0.0,0.1415824997419401,-0.11574803533903325,0.0,-1.6835000516119802,-3.1496070678066532,0.0
6.3206318459995146,0.09999999999999998,-0.09999999999999998,0.0,0.09999999999999998,-0.09999999999999998,0.0,0.0,0.0,0.0
6.420909299999494,0.09999999999999998,-0.04999999999999998,0.0,0.08425196466096664,-0.05841750025805989,0.0,-3.1496070678066674,-1.6835000516119816,0.0
6.521165078999502,0.09999999999999998,-0.04999999999999998,0.0,0.08425196466096664,-0.05841750025805989,0.0,-3.1496070678066674,-1.6835000516119816,0.0
6.621674176999477,0.15,-0.09999999999999998,0.0,0.1415824997419401,-0.11574803533903333,0.0,-1.6835000516119802,-3.14960706780667,0.0
6.721962908999558,0.15,-0.09999999999999998,0.0,0.1415824997419401,-0.11574803533903333,0.0,-1.6835000516119802,-3.14960706780667,0.0
6.8223030429996925,0.2,-0.09999999999999998,0.0,0.19704968407608023,-0.1299550602728331,0.0,-0.5900631847839566,-5.991012054566625,0.0
6.922630283999524,0.2,-0.15,0.0,0.2,-0.15,0.0,0.0,0.0,0.0
7.022960593999642,0.2,-0.09999999999999998,0.0,0.2,-0.1301,0.0,0.0,-6.020000000000003,0.0
7.123398543999656,0.2,-0.09999999999999998,0.0,0.2,-0.1301,0.0,0.0,-6.020000000000003,0.0
7.223696743999653,0.25,-0.04999999999999998,0.0,0.2875867146039557,-0.09579954426018902,0.0,7.517342920791137,-9.159908852037809,0.0
7.324007221999636,0.25,-0.04999999999999998,0.0,0.2875867146039557,-0.09579954426018902,0.0,7.517342920791137,-9.159908852037809,0.0
7.42427956699953,0.25,-0.04999999999999998,0.0,0.2875867146039557,-0.09579954426018902,0.0,7.517342920791137,-9.159908852037809,0.0
7.524850823999486,0.30000000000000004,1.734723475976807e-17,0.0,0.32995506027283317,-0.0029503159239194785,0.0,5.991012054566625,-0.5900631847838992,0.0
7.625155978999601,0.30000000000000004,1.734723475976807e-17,0.0,0.32995506027283317,-0.002950315923919124,0.0,5.991012054566625,-0.5900631847838284,0.0
7.725396690999787,0.25,1.734723475976807e-17,0.0,0.329474692282914,-0.007827573974321178,0.0,15.894938456582796,-1.5655147948642392,0.0
7.825695861999748,0.25,-0.04999999999999998,0.0,0.295799544260189,-0.08758671460395559,0.0,9.159908852037802,-7.517342920791122,0.0
7.925949100999787,0.25,-0.04999999999999998,0.0,0.295799544260189,-0.08758671460395559,0.0,9.159908852037802,-7.517342920791122,0.0
8.026231045999793,0.25,-0.04999999999999998,0.0,0.295799544260189,-0.08758671460395559,0.0,9.159908852037802,-7.517342920791122,0.0
8.126526885999738,0.2,-0.04999999999999998,0.0,0.20782757397432297,-0.12947469228291378,0.0,1.565514794864592,-15.894938456582757,0.0
8.226794008999832,0.2,1.734723475976807e-17,0.0,0.21270483202472618,-0.12899432429299454,0.0,2.540966404945233,-25.798864858598915,0.0
8.327156997999737,0.2,1.734723475976807e-17,0.0,0.21270483202472618,-0.12899432429299454,0.0,2.540966404945233,-25.798864858598915,0.0
8.427603612999746,0.2,1.734723475976807e-17,0.0,0.21270483202472618,-0.12899432429299454,0.0,2.540966404945233,-25.798864858598915,0.0
8.527968418999762,0.2,0.05000000000000002,0.0,0.21758209007512938,-0.1285139563030753,0.0,3.5164180150258737,-35.702791260615065,0.0
8.62825381399989,0.2,0.05000000000000002,0.0,0.21758209007512938,-0.1285139563030753,0.0,3.5164180150258737,-35.702791260615065,0.0
8.728507795999803,0.25,0.05000000000000002,0.0,0.29579954426018895,0.08758671460395556,0.0,9.159908852037791,7.517342920791109,0.0
8.828813398999728,0.25,0.05000000000000002,0.0,0.29579954426018895,0.08758671460395553,0.0,9.159908852037791,7.517342920791103,0.0
8.929162087999657,0.25,0.05000000000000002,0.0,0.29579954426018895,0.08758671460395553,0.0,9.159908852037791,7.517342920791103,0.0
9.029454392999696,0.2,1.734723475976807e-17,0.0,0.21270483202472618,0.12899432429299448,0.0,2.540966404945233,25.79886485859889,0.0
9.129776376999644,0.2,1.734723475976807e-17,0.0,0.21270483202472618,0.12899432429299448,0.0,2.540966404945233,25.79886485859889,0.0
9.23005565599965,0.2,1.734723475976807e-17,0.0,0.21270483202472618,0.12899432429299448,0.0,2.540966404945233,25.79886485859889,0.0
9.330330909999702,0.2,1.734723475976807e-17,0.0,0.21270483202472618,0.12899432429299448,0.0,2.540966404945233,25.79886485859889,0.0
9.430701930999703,0.2,1.734723475976807e-17,0.0,0.21270483202472618,0.12899432429299448,0.0,2.540966404945233,25.79886485859889,0.0
9.53114842099967,0.2,1.734723475976807e-17,0.0,0.21270483202472618,0.12899432429299448,0.0,2.540966404945233,25.79886485859889,0.0
9.631419489999644,0.2,1.734723475976807e-17,0.0,0.21270483202472618,0.12899432429299448,0.0,2.540966404945233,25.79886485859889,0.0
9.731710660999624,0.2,1.734723475976807e-17,0.0,0.21270483202472618,0.12899432429299448,0.0,2.540966404945233,25.79886485859889,0.0
9.832025862999444,0.2,1.734723475976807e-17,0.0,0.21270483202472618,0.12899432429299448,0.0,2.540966404945233,25.79886485859889,0.0
9.932334567999305,0.2,1.734723475976807e-17,0.0,0.21270483202472618,0.12899432429299448,0.0,2.540966404945233,25.79886485859889,0.0
10.03260365599931,0.2,1.734723475976807e-17,0.0,0.21270483202472618,0.12899432429299448,0.0,2.540966404945233,25.79886485859889,0.0
10.132866192999472,0.2,1.734723475976807e-17,0.0,0.21270483202472618,0.12899432429299448,0.0,2.540966404945233,25.79886485859889,0.0
10.233280040999489,0.2,1.734723475976807e-17,0.0,0.21270483202472618,0.12899432429299448,0.0,2.540966404945233,25.79886485859889,0.0
10.333624103999455,0.2,1.734723475976807e-17,0.0,0.21270483202472618,0.12899432429299448,0.0,2.540966404945233,25.79886485859889,0.0
10.433887757999628,0.2,1.734723475976807e-17,0.0,0.21270483202472618,0.12899432429299448,0.0,2.540966404945233,25.79886485859889,0.0
10.534343609999496,0.2,1.734723475976807e-17,0.0,0.21270483202472618,0.12899432429299448,0.0,2.540966404945233,25.79886485859889,0.0
10.634753500999523,0.2,-0.04999999999999998,0.0,0.2175820900751294,0.12851395630307522,0.0,3.5164180150258795,35.702791260615044,0.0
10.735026430999596,0.2,-0.04999999999999998,0.0,0.2175820900751294,0.12851395630307522,0.0,3.5164180150258795,35.702791260615044,0.0
10.835821259999648,0.25,-0.09999999999999998,0.0,0.2584175002580599,-0.11574803533903318,0.0,1.6835000516119747,-3.1496070678066395,0.0
10.936104876999707,0.25,-0.09999999999999998,0.0,0.2584175002580599,-0.11574803533903318,0.0,1.6835000516119747,-3.1496070678066395,0.0
11.036381240999617,0.25,-0.15,0.0,0.25,-0.15,0.0,0.0,0.0,0.0
11.136672001999614,0.2,-0.15,0.0,0.2,-0.15,0.0,0.0,0.0,0.0
11.236951286999783,0.2,-0.09999999999999998,0.0,0.2,-0.1301,0.0,0.0,-6.020000000000003,0.0
11.33721876799973,0.2,-0.09999999999999998,0.0,0.2,-0.1301,0.0,0.0,-6.020000000000003,0.0
11.437472254999648,0.2,-0.09999999999999998,0.0,0.2,-0.1301,0.0,0.0,-6.020000000000003,0.0
11.537755809999453,0.2,-0.04999999999999998,0.0,0.2,-0.1301,0.0,0.0,-16.02,0.0
11.638196561999393,0.2,-0.04999999999999998,0.0,0.2,-0.1301,0.0,0.0,-16.02,0.0
11.738551739999366,0.25,1.734723475976807e-17,0.0,0.3294746922829139,-0.00782757397432301,0.0,15.894938456582775,-1.5655147948646055,0.0
11.839081857999417,0.25,1.734723475976807e-17,0.0,0.3294746922829139,-0.00782757397432301,0.0,15.894938456582775,-1.5655147948646055,0.0
11.939348889999565,0.30000000000000004,1.734723475976807e-17,0.0,0.32995506027283317,-0.002950315923919253,0.0,5.991012054566625,-0.5900631847838541,0.0
12.039615250999532,0.30000000000000004,0.05000000000000002,0.0,0.31574803533903334,0.058417500258059855,0.0,3.149607067806659,1.6835000516119678,0.0
12.139968289999388,0.30000000000000004,0.05000000000000002,0.0,0.31574803533903334,0.058417500258059855,0.0,3.149607067806659,1.6835000516119678,0.0
12.240242687999398,0.30000000000000004,0.05000000000000002,0.0,0.31574803533903334,0.058417500258059855,0.0,3.149607067806659,1.6835000516119678,0.0
12.340542021999227,0.25,1.734723475976807e-17,0.0,0.3294746922829138,0.007827573974322998,0.0,15.894938456582764,1.5655147948645962,0.0
12.44085500799929,0.25,1.734723475976807e-17,0.0,0.3294746922829138,0.007827573974322998,0.0,15.894938456582764,1.5655147948645962,0.0
12.541232139999238,0.25,1.734723475976807e-17,0.0,0.3294746922829138,0.007827573974322998,0.0,15.894938456582764,1.5655147948645962,0.0
12.64161118799916,0.2,-0.04999999999999998,0.0,0.207827573974323,-0.1294746922829138,0.0,1.5655147948645975,-15.894938456582764,0.0
12.741871362999063,0.2,-0.04999999999999998,0.0,0.207827573974323,-0.1294746922829138,0.0,1.5655147948645975,-15.894938456582764,0.0
12.843209166999259,0.2,-0.04999999999999998,0.0,0.207827573974323,-0.1294746922829138,0.0,1.5655147948645975,-15.894938456582764,0.0
12.94371670599935,0.2,-0.04999999999999998,0.0,0.207827573974323,-0.1294746922829138,0.0,1.5655147948645975,-15.894938456582764,0.0
13.043945077999297,0.2,-0.04999999999999998,0.0,0.207827573974323,-0.1294746922829138,0.0,1.5655147948645975,-15.894938456582764,0.0
13.144226173999186,0.2,-0.04999999999999998,0.0,0.207827573974323,-0.1294746922829138,0.0,1.5655147948645975,-15.894938456582764,0.0
13.244503444999054,0.2,-0.04999999999999998,0.0,0.207827573974323,-0.1294746922829138,0.0,1.5655147948645975,-15.894938456582764,0.0
13.344898109998894,0.2,-0.04999999999999998,0.0,0.207827573974323,-0.1294746922829138,0.0,1.5655147948645975,-15.894938456582764,0.0
13.446190713998703,0.2,-0.04999999999999998,0.0,0.207827573974323,-0.1294746922829138,0.0,1.5655147948645975,-15.894938456582764,0.0
13.546476402998906,0.2,-0.04999999999999998,0.0,0.207827573974323,-0.1294746922829138,0.0,1.5655147948645975,-15.894938456582764,0.0
13.646809537998934,0.2,-0.04999999999999998,0.0,0.207827573974323,-0.1294746922829138,0.0,1.5655147948645975,-15.894938456582764,0.0
13.747119184998837,0.2,-0.04999999999999998,0.0,0.207827573974323,-0.1294746922829138,0.0,1.5655147948645975,-15.894938456582764,0.0
13.84746445899873,0.2,-0.04999999999999998,0.0,0.207827573974323,-0.1294746922829138,0.0,1.5655147948645975,-15.894938456582764,0.0
13.947763890998658,0.2,-0.04999999999999998,0.0,0.207827573974323,-0.1294746922829138,0.0,1.5655147948645975,-15.894938456582764,0.0
14.048045575998685,0.2,-0.04999999999999998,0.0,0.207827573974323,-0.1294746922829138,0.0,1.5655147948645975,-15.894938456582764,0.0
14.148460985998554,0.2,-0.04999999999999998,0.0,0.207827573974323,-0.1294746922829138,0.0,1.5655147948645975,-15.894938456582764,0.0
14.24877974299875,0.2,-0.04999999999999998,0.0,0.207827573974323,-0.1294746922829138,0.0,1.5655147948645975,-15.894938456582764,0.0
14.349050981998744,0.2,-0.04999999999999998,0.0,0.207827573974323,-0.1294746922829138,0.0,1.5655147948645975,-15.894938456582764,0.0
14.449333640998702,0.2,-0.04999999999999998,0.0,0.207827573974323,-0.1294746922829138,0.0,1.5655147948645975,-15.894938456582764,0.0
14.549684757998648,0.2,-0.04999999999999998,0.0,0.207827573974323,-0.1294746922829138,0.0,1.5655147948645975,-15.894938456582764,0.0
14.649963033998802,0.2,-0.04999999999999998,0.0,0.207827573974323,-0.1294746922829138,0.0,1.5655147948645975,-15.894938456582764,0.0
14.750552658998686,0.2,-0.04999999999999998,0.0,0.207827573974323,-0.1294746922829138,0.0,1.5655147948645975,-15.894938456582764,0.0
14.850853434998498,0.2,-0.04999999999999998,0.0,0.207827573974323,-0.1294746922829138,0.0,1.5655147948645975,-15.894938456582764,0.0
14.95117202599863,0.2,-0.04999999999999998,0.0,0.207827573974323,-0.1294746922829138,0.0,1.5655147948645975,-15.894938456582764,0.0
15.051470723998591,0.2,-0.04999999999999998,0.0,0.207827573974323,-0.1294746922829138,0.0,1.5655147948645975,-15.894938456582764,0.0
15.151830757998596,0.2,-0.04999999999999998,0.0,0.207827573974323,-0.1294746922829138,0.0,1.5655147948645975,-15.894938456582764,0.0
15.2521380519986,0.2,-0.04999999999999998,0.0,0.207827573974323,-0.1294746922829138,0.0,1.5655147948645975,-15.894938456582764,0.0
15.352493362998757,0.2,-0.04999999999999998,0.0,0.207827573974323,-0.1294746922829138,0.0,1.5655147948645975,-15.894938456582764,0.0
15.452832898998622,0.2,-0.04999999999999998,0.0,0.207827573974323,-0.1294746922829138,0.0,1.5655147948645975,-15.894938456582764,0.0
15.55316665299847,0.2,-0.04999999999999998,0.0,0.207827573974323,-0.1294746922829138,0.0,1.5655147948645975,-15.894938456582764,0.0
15.65344849399844,0.2,-0.04999999999999998,0.0,0.207827573974323,-0.1294746922829138,0.0,1.5655147948645975,-15.894938456582764,0.0
15.753765935998445,0.2,-0.04999999999999998,0.0,0.207827573974323,-0.1294746922829138,0.0,1.5655147948645975,-15.894938456582764,0.0
15.854106695998553,0.2,-0.04999999999999998,0.0,0.207827573974323,-0.1294746922829138,0.0,1.5655147948645975,-15.894938456582764,0.0
15.954563578998432,0.2,-0.04999999999999998,0.0,0.207827573974323,-0.1294746922829138,0.0,1.5655147948645975,-15.894938456582764,0.0
16.05483627099852,0.2,-0.04999999999999998,0.0,0.207827573974323,-0.1294746922829138,0.0,1.5655147948645975,-15.894938456582764,0.0
16.15514801699851,0.2,-0.04999999999999998,0.0,0.207827573974323,-0.1294746922829138,0.0,1.5655147948645975,-15.894938456582764,0.0
16.255541212998423,0.2,-0.04999999999999998,0.0,0.207827573974323,-0.1294746922829138,0.0,1.5655147948645975,-15.894938456582764,0.0
16.355865338998456,0.2,-0.04999999999999998,0.0,0.207827573974323,-0.1294746922829138,0.0,1.5655147948645975,-15.894938456582764,0.0
16.456225103998577,0.2,-0.04999999999999998,0.0,0.207827573974323,-0.1294746922829138,0.0,1.5655147948645975,-15.894938456582764,0.0
16.55652713999848,0.2,-0.04999999999999998,0.0,0.207827573974323,-0.1294746922829138,0.0,1.5655147948645975,-15.894938456582764,0.0
16.65683744799844,0.2,-0.04999999999999998,0.0,0.207827573974323,-0.1294746922829138,0.0,1.5655147948645975,-15.894938456582764,0.0
16.757179412998312,0.2,-0.04999999999999998,0.0,0.207827573974323,-0.1294746922829138,0.0,1.5655147948645975,-15.894938456582764,0.0
16.85746837599845,0.2,-0.04999999999999998,0.0,0.207827573974323,-0.1294746922829138,0.0,1.5655147948645975,-15.894938456582764,0.0
16.95776693099856,0.2,-0.04999999999999998,0.0,0.207827573974323,-0.1294746922829138,0.0,1.5655147948645975,-15.894938456582764,0.0
17.058104726998636,0.2,-0.04999999999999998,0.0,0.207827573974323,-0.1294746922829138,0.0,1.5655147948645975,-15.894938456582764,0.0
17.158410496998613,0.2,-0.04999999999999998,0.0,0.207827573974323,-0.1294746922829138,0.0,1.5655147948645975,-15.894938456582764,0.0
17.258776826998655,0.2,-0.04999999999999998,0.0,0.207827573974323,-0.1294746922829138,0.0,1.5655147948645975,-15.894938456582764,0.0
17.359086990998776,0.2,-0.04999999999999998,0.0,0.207827573974323,-0.1294746922829138,0.0,1.5655147948645975,-15.894938456582764,0.0
17.45951841799888,0.2,-0.04999999999999998,0.0,0.207827573974323,-0.1294746922829138,0.0,1.5655147948645975,-15.894938456582764,0.0
17.559803770998997,0.2,-0.04999999999999998,0.0,0.207827573974323,-0.1294746922829138,0.0,1.5655147948645975,-15.894938456582764,0.0
17.660114858998895,0.2,-0.04999999999999998,0.0,0.207827573974323,-0.1294746922829138,0.0,1.5655147948645975,-15.894938456582764,0.0
17.76042709499893,0.2,-0.04999999999999998,0.0,0.207827573974323,-0.1294746922829138,0.0,1.5655147948645975,-15.894938456582764,0.0
17.860721930998807,0.2,-0.04999999999999998,0.0,0.207827573974323,-0.1294746922829138,0.0,1.5655147948645975,-15.894938456582764,0.0
17.961028990998784,0.2,-0.04999999999999998,0.0,0.207827573974323,-0.1294746922829138,0.0,1.5655147948645975,-15.894938456582764,0.0
18.06132641899876,0.2,-0.04999999999999998,0.0,0.207827573974323,-0.1294746922829138,0.0,1.5655147948645975,-15.894938456582764,0.0
18.161623272998895,0.2,-0.04999999999999998,0.0,0.207827573974323,-0.1294746922829138,0.0,1.5655147948645975,-15.894938456582764,0.0
18.261966436999046,0.2,-0.04999999999999998,0.0,0.207827573974323,-0.1294746922829138,0.0,1.5655147948645975,-15.894938456582764,0.0
18.362281147999056,0.2,-0.04999999999999998,0.0,0.207827573974323,-0.1294746922829138,0.0,1.5655147948645975,-15.894938456582764,0.0
18.46261050399903,0.2,-0.04999999999999998,0.0,0.207827573974323,-0.1294746922829138,0.0,1.5655147948645975,-15.894938456582764,0.0
18.56295516599903,0.2,-0.04999999999999998,0.0,0.207827573974323,-0.1294746922829138,0.0,1.5655147948645975,-15.894938456582764,0.0
18.66330832599897,0.2,-0.04999999999999998,0.0,0.207827573974323,-0.1294746922829138,0.0,1.5655147948645975,-15.894938456582764,0.0
18.76363734699885,0.2,-0.04999999999999998,0.0,0.207827573974323,-0.1294746922829138,0.0,1.5655147948645975,-15.894938456582764,0.0
18.864022609998756,0.2,-0.04999999999999998,0.0,0.207827573974323,-0.1294746922829138,0.0,1.5655147948645975,-15.894938456582764,0.0
18.964337793998766,0.2,-0.04999999999999998,0.0,0.207827573974323,-0.1294746922829138,0.0,1.5655147948645975,-15.894938456582764,0.0
19.064606256998786,0.2,-0.04999999999999998,0.0,0.207827573974323,-0.1294746922829138,0.0,1.5655147948645975,-15.894938456582764,0.0
19.16488394799876,0.2,-0.04999999999999998,0.0,0.207827573974323,-0.1294746922829138,0.0,1.5655147948645975,-15.894938456582764,0.0
19.265300677998766,0.2,-0.04999999999999998,0.0,0.207827573974323,-0.1294746922829138,0.0,1.5655147948645975,-15.894938456582764,0.0
19.365658744998655,0.2,-0.04999999999999998,0.0,0.207827573974323,-0.1294746922829138,0.0,1.5655147948645975,-15.894938456582764,0.0
19.465922967998495,0.2,-0.04999999999999998,0.0,0.207827573974323,-0.1294746922829138,0.0,1.5655147948645975,-15.894938456582764,0.0
19.566250323998474,0.2,-0.04999999999999998,0.0,0.207827573974323,-0.1294746922829138,0.0,1.5655147948645975,-15.894938456582764,0.0
19.666625607998412,0.2,-0.04999999999999998,0.0,0.207827573974323,-0.1294746922829138,0.0,1.5655147948645975,-15.894938456582764,0.0
19.76701131399841,0.2,-0.04999999999999998,0.0,0.207827573974323,-0.1294746922829138,0.0,1.5655147948645975,-15.894938456582764,0.0
19.867330901998457,0.2,-0.04999999999999998,0.0,0.207827573974323,-0.1294746922829138,0.0,1.5655147948645975,-15.894938456582764,0.0
19.967725812998424,0.2,-0.04999999999999998,0.0,0.207827573974323,-0.1294746922829138,0.0,1.5655147948645975,-15.894938456582764,0.0
20.06797342299842,0.2,-0.04999999999999998,0.0,0.207827573974323,-0.1294746922829138,0.0,1.5655147948645975,-15.894938456582764,0.0
20.16831745199852,0.2,-0.04999999999999998,0.0,0.207827573974323,-0.1294746922829138,0.0,1.5655147948645975,-15.894938456582764,0.0
20.2686083889987,0.2,-0.04999999999999998,0.0,0.207827573974323,-0.1294746922829138,0.0,1.5655147948645975,-15.894938456582764,0.0
20.368887267998844,0.2,-0.04999999999999998,0.0,0.207827573974323,-0.1294746922829138,0.0,1.5655147948645975,-15.894938456582764,0.0
20.469152661999033,0.2,-0.04999999999999998,0.0,0.207827573974323,-0.1294746922829138,0.0,1.5655147948645975,-15.894938456582764,0.0
20.56952932499894,0.2,-0.04999999999999998,0.0,0.207827573974323,-0.1294746922829138,0.0,1.5655147948645975,-15.894938456582764,0.0
20.669810492998977,0.2,-0.04999999999999998,0.0,0.207827573974323,-0.1294746922829138,0.0,1.5655147948645975,-15.894938456582764,0.0
20.77017259499894,0.2,-0.04999999999999998,0.0,0.207827573974323,-0.1294746922829138,0.0,1.5655147948645975,-15.894938456582764,0.0
20.87054460499894,0.2,-0.04999999999999998,0.0,0.207827573974323,-0.1294746922829138,0.0,1.5655147948645975,-15.894938456582764,0.0
20.970886089998885,0.2,-0.04999999999999998,0.0,0.207827573974323,-0.1294746922829138,0.0,1.5655147948645975,-15.894938456582764,0.0
21.07119528999897,0.2,-0.04999999999999998,0.0,0.207827573974323,-0.1294746922829138,0.0,1.5655147948645975,-15.894938456582764,0.0
21.17143536699905,0.2,-0.04999999999999998,0.0,0.207827573974323,-0.1294746922829138,0.0,1.5655147948645975,-15.894938456582764,0.0
21.271714469999097,0.2,-0.04999999999999998,0.0,0.207827573974323,-0.1294746922829138,0.0,1.5655147948645975,-15.894938456582764,0.0
21.37197131599919,0.2,-0.04999999999999998,0.0,0.207827573974323,-0.1294746922829138,0.0,1.5655147948645975,-15.894938456582764,0.0
21.472320528999262,0.2,-0.04999999999999998,0.0,0.207827573974323,-0.1294746922829138,0.0,1.5655147948645975,-15.894938456582764,0.0
21.572616324999217,0.2,-0.04999999999999998,0.0,0.207827573974323,-0.1294746922829138,0.0,1.5655147948645975,-15.894938456582764,0.0
21.672985388999223,0.2,-0.04999999999999998,0.0,0.207827573974323,-0.1294746922829138,0.0,1.5655147948645975,-15.894938456582764,0.0
21.77334755799916,0.2,-0.04999999999999998,0.0,0.207827573974323,-0.1294746922829138,0.0,1.5655147948645975,-15.894938456582764,0.0
21.873696925999184,0.2,-0.04999999999999998,0.0,0.207827573974323,-0.1294746922829138,0.0,1.5655147948645975,-15.894938456582764,0.0
21.974029337999127,0.2,-0.04999999999999998,0.0,0.207827573974323,-0.1294746922829138,0.0,1.5655147948645975,-15.894938456582764,0.0
22.074417924999125,0.2,-0.04999999999999998,0.0,0.207827573974323,-0.1294746922829138,0.0,1.5655147948645975,-15.894938456582764,0.0
22.174717611999085,0.2,-0.04999999999999998,0.0,0.207827573974323,-0.1294746922829138,0.0,1.5655147948645975,-15.894938456582764,0.0
22.27500588399903,0.2,-0.04999999999999998,0.0,0.207827573974323,-0.1294746922829138,0.0,1.5655147948645975,-15.894938456582764,0.0
22.375362513999107,0.2,-0.04999999999999998,0.0,0.207827573974323,-0.1294746922829138,0.0,1.5655147948645975,-15.894938456582764,0.0
22.475710806998904,0.2,-0.04999999999999998,0.0,0.207827573974323,-0.1294746922829138,0.0,1.5655147948645975,-15.894938456582764,0.0
22.576004289998764,0.2,-0.04999999999999998,0.0,0.207827573974323,-0.1294746922829138,0.0,1.5655147948645975,-15.894938456582764,0.0
22.676287531998696,0.2,-0.04999999999999998,0.0,0.207827573974323,-0.1294746922829138,0.0,1.5655147948645975,-15.894938456582764,0.0
22.7765484809986,0.2,-0.04999999999999998,0.0,0.207827573974323,-0.1294746922829138,0.0,1.5655147948645975,-15.894938456582764,0.0
22.876893902998745,0.2,-0.04999999999999998,0.0,0.207827573974323,-0.1294746922829138,0.0,1.5655147948645975,-15.894938456582764,0.0
22.977156570998886,0.2,-0.04999999999999998,0.0,0.207827573974323,-0.1294746922829138,0.0,1.5655147948645975,-15.894938456582764,0.0
23.077574045998745,0.2,-0.04999999999999998,0.0,0.207827573974323,-0.1294746922829138,0.0,1.5655147948645975,-15.894938456582764,0.0
23.177886706998834,0.2,-0.04999999999999998,0.0,0.207827573974323,-0.1294746922829138,0.0,1.5655147948645975,-15.894938456582764,0.0
23.278190184998948,0.2,-0.04999999999999998,0.0,0.207827573974323,-0.1294746922829138,0.0,1.5655147948645975,-15.894938456582764,0.0
23.378485160998935,0.2,-0.04999999999999998,0.0,0.207827573974323,-0.1294746922829138,0.0,1.5655147948645975,-15.894938456582764,0.0
23.4787463619989,0.2,-0.04999999999999998,0.0,0.207827573974323,-0.1294746922829138,0.0,1.5655147948645975,-15.894938456582764,0.0
23.579051370998968,0.2,-0.04999999999999998,0.0,0.207827573974323,-0.1294746922829138,0.0,1.5655147948645975,-15.894938456582764,0.0
23.679476331999012,0.2,-0.04999999999999998,0.0,0.207827573974323,-0.1294746922829138,0.0,1.5655147948645975,-15.894938456582764,0.0
23.779772259999163,0.2,-0.04999999999999998,0.0,0.207827573974323,-0.1294746922829138,0.0,1.5655147948645975,-15.894938456582764,0.0
23.880033934999346,0.2,-0.04999999999999998,0.0,0.207827573974323,-0.1294746922829138,0.0,1.5655147948645975,-15.894938456582764,0.0
23.98035242399942,0.2,-0.04999999999999998,0.0,0.207827573974323,-0.1294746922829138,0.0,1.5655147948645975,-15.894938456582764,0.0
24.080660201999535,0.2,-0.04999999999999998,0.0,0.207827573974323,-0.1294746922829138,0.0,1.5655147948645975,-15.894938456582764,0.0
24.180948838999484,0.2,-0.04999999999999998,0.0,0.207827573974323,-0.1294746922829138,0.0,1.5655147948645975,-15.894938456582764,0.0
24.281361189999416,0.2,-0.04999999999999998,0.0,0.207827573974323,-0.1294746922829138,0.0,1.5655147948645975,-15.894938456582764,0.0
24.382265050999195,0.2,-0.04999999999999998,0.0,0.207827573974323,-0.1294746922829138,0.0,1.5655147948645975,-15.894938456582764,0.0
24.482583131999263,0.2,-0.04999999999999998,0.0,0.207827573974323,-0.1294746922829138,0.0,1.5655147948645975,-15.894938456582764,0.0
24.5829443789994,0.2,-0.04999999999999998,0.0,0.207827573974323,-0.1294746922829138,0.0,1.5655147948645975,-15.894938456582764,0.0
24.683275439999534,0.2,-0.04999999999999998,0.0,0.207827573974323,-0.1294746922829138,0.0,1.5655147948645975,-15.894938456582764,0.0
24.783572214999595,0.2,-0.04999999999999998,0.0,0.207827573974323,-0.1294746922829138,0.0,1.5655147948645975,-15.894938456582764,0.0
24.883931339999663,0.2,-0.04999999999999998,0.0,0.207827573974323,-0.1294746922829138,0.0,1.5655147948645975,-15.894938456582764,0.0
24.984221894999564,0.2,-0.04999999999999998,0.0,0.207827573974323,-0.1294746922829138,0.0,1.5655147948645975,-15.894938456582764,0.0
25.08452603299952,0.2,-0.04999999999999998,0.0,0.207827573974323,-0.1294746922829138,0.0,1.5655147948645975,-15.894938456582764,0.0
25.184794285999487,0.2,-0.04999999999999998,0.0,0.207827573974323,-0.1294746922829138,0.0,1.5655147948645975,-15.894938456582764,0.0
25.28513082399968,0.2,-0.04999999999999998,0.0,0.207827573974323,-0.1294746922829138,0.0,1.5655147948645975,-15.894938456582764,0.0
25.385447788999727,0.2,-0.04999999999999998,0.0,0.207827573974323,-0.1294746922829138,0.0,1.5655147948645975,-15.894938456582764,0.0
25.485748777999788,0.2,-0.04999999999999998,0.0,0.207827573974323,-0.1294746922829138,0.0,1.5655147948645975,-15.894938456582764,0.0
25.586136548999775,0.2,-0.04999999999999998,0.0,0.207827573974323,-0.1294746922829138,0.0,1.5655147948645975,-15.894938456582764,0.0
25.686451156999738,0.2,-0.04999999999999998,0.0,0.207827573974323,-0.1294746922829138,0.0,1.5655147948645975,-15.894938456582764,0.0
25.786892554999667,0.2,-0.04999999999999998,0.0,0.207827573974323,-0.1294746922829138,0.0,1.5655147948645975,-15.894938456582764,0.0
25.887210995999567,0.2,-0.04999999999999998,0.0,0.207827573974323,-0.1294746922829138,0.0,1.5655147948645975,-15.894938456582764,0.0
25.987501112999553,0.2,-0.04999999999999998,0.0,0.207827573974323,-0.1294746922829138,0.0,1.5655147948645975,-15.894938456582764,0.0
26.08796150899957,0.2,-0.04999999999999998,0.0,0.207827573974323,-0.1294746922829138,0.0,1.5655147948645975,-15.894938456582764,0.0
26.188234326999464,0.2,-0.04999999999999998,0.0,0.207827573974323,-0.1294746922829138,0.0,1.5655147948645975,-15.894938456582764,0.0
26.2885510039996,0.2,-0.04999999999999998,0.0,0.207827573974323,-0.1294746922829138,0.0,1.5655147948645975,-15.894938456582764,0.0
26.388868355999648,0.2,-0.04999999999999998,0.0,0.207827573974323,-0.1294746922829138,0.0,1.5655147948645975,-15.894938456582764,0.0
26.48913984399951,0.2,-0.04999999999999998,0.0,0.207827573974323,-0.1294746922829138,0.0,1.5655147948645975,-15.894938456582764,0.0
26.589522058999364,0.2,-0.04999999999999998,0.0,0.207827573974323,-0.1294746922829138,0.0,1.5655147948645975,-15.894938456582764,0.0
26.68980748899935,0.2,-0.04999999999999998,0.0,0.207827573974323,-0.1294746922829138,0.0,1.5655147948645975,-15.894938456582764,0.0
26.790177769999218,0.2,-0.04999999999999998,0.0,0.207827573974323,-0.1294746922829138,0.0,1.5655147948645975,-15.894938456582764,0.0
26.89047560699919,0.2,-0.04999999999999998,0.0,0.207827573974323,-0.1294746922829138,0.0,1.5655147948645975,-15.894938456582764,0.0
26.990789437999183,0.2,-0.04999999999999998,0.0,0.207827573974323,-0.1294746922829138,0.0,1.5655147948645975,-15.894938456582764,0.0
27.09132314399926,0.2,-0.04999999999999998,0.0,0.207827573974323,-0.1294746922829138,0.0,1.5655147948645975,-15.894938456582764,0.0
27.191647568999315,0.2,-0.04999999999999998,0.0,0.207827573974323,-0.1294746922829138,0.0,1.5655147948645975,-15.894938456582764,0.0
27.292070702999354,0.2,-0.04999999999999998,0.0,0.207827573974323,-0.1294746922829138,0.0,1.5655147948645975,-15.894938456582764,0.0
27.39240845299946,0.2,-0.04999999999999998,0.0,0.207827573974323,-0.1294746922829138,0.0,1.5655147948645975,-15.894938456582764,0.0
27.492701459999353,0.2,-0.04999999999999998,0.0,0.207827573974323,-0.1294746922829138,0.0,1.5655147948645975,-15.894938456582764,0.0
27.5930705389992,0.2,-0.04999999999999998,0.0,0.207827573974323,-0.1294746922829138,0.0,1.5655147948645975,-15.894938456582764,0.0
27.693390873999306,0.2,-0.04999999999999998,0.0,0.207827573974323,-0.1294746922829138,0.0,1.5655147948645975,-15.894938456582764,0.0
27.79384473999926,0.2,-0.04999999999999998,0.0,0.207827573974323,-0.1294746922829138,0.0,1.5655147948645975,-15.894938456582764,0.0
27.89427740399924,0.2,-0.04999999999999998,0.0,0.207827573974323,-0.1294746922829138,0.0,1.5655147948645975,-15.894938456582764,0.0
27.99458553299928,0.2,-0.04999999999999998,0.0,0.207827573974323,-0.1294746922829138,0.0,1.5655147948645975,-15.894938456582764,0.0
28.09494524799925,0.2,-0.04999999999999998,0.0,0.207827573974323,-0.1294746922829138,0.0,1.5655147948645975,-15.894938456582764,0.0
28.195974260999265,0.2,-0.04999999999999998,0.0,0.207827573974323,-0.1294746922829138,0.0,1.5655147948645975,-15.894938456582764,0.0
28.29629360599938,0.2,-0.04999999999999998,0.0,0.207827573974323,-0.1294746922829138,0.0,1.5655147948645975,-15.894938456582764,0.0
28.39666530499926,0.2,-0.04999999999999998,0.0,0.207827573974323,-0.1294746922829138,0.0,1.5655147948645975,-15.894938456582764,0.0
28.49695170099926,0.2,-0.04999999999999998,0.0,0.207827573974323,-0.1294746922829138,0.0,1.5655147948645975,-15.894938456582764,0.0
28.597202582999444,0.2,-0.04999999999999998,0.0,0.207827573974323,-0.1294746922829138,0.0,1.5655147948645975,-15.894938456582764,0.0
28.697788555999523,0.2,-0.04999999999999998,0.0,0.207827573974323,-0.1294746922829138,0.0,1.5655147948645975,-15.894938456582764,0.0
28.798096271999384,0.2,-0.04999999999999998,0.0,0.207827573974323,-0.1294746922829138,0.0,1.5655147948645975,-15.894938456582764,0.0
28.898416454999506,0.2,-0.04999999999999998,0.0,0.207827573974323,-0.1294746922829138,0.0,1.5655147948645975,-15.894938456582764,0.0
28.998710699999492,0.2,-0.04999999999999998,0.0,0.207827573974323,-0.1294746922829138,0.0,1.5655147948645975,-15.894938456582764,0.0
29.099012067999638,0.2,-0.04999999999999998,0.0,0.207827573974323,-0.1294746922829138,0.0,1.5655147948645975,-15.894938456582764,0.0
29.19958433099964,0.2,-0.04999999999999998,0.0,0.207827573974323,-0.1294746922829138,0.0,1.5655147948645975,-15.894938456582764,0.0
29.299933617999613,0.2,-0.04999999999999998,0.0,0.207827573974323,-0.1294746922829138,0.0,1.5655147948645975,-15.894938456582764,0.0
29.40038724999954,0.2,-0.04999999999999998,0.0,0.207827573974323,-0.1294746922829138,0.0,1.5655147948645975,-15.894938456582764,0.0
29.50070597299964,0.2,-0.04999999999999998,0.0,0.207827573974323,-0.1294746922829138,0.0,1.5655147948645975,-15.894938456582764,0.0
29.601009066999723,0.2,-0.04999999999999998,0.0,0.207827573974323,-0.1294746922829138,0.0,1.5655147948645975,-15.894938456582764,0.0
29.701341205999825,0.2,-0.04999999999999998,0.0,0.207827573974323,-0.1294746922829138,0.0,1.5655147948645975,-15.894938456582764,0.0
29.80167563699979,0.2,-0.04999999999999998,0.0,0.207827573974323,-0.1294746922829138,0.0,1.5655147948645975,-15.894938456582764,0.0
29.901929466999945,0.2,-0.04999999999999998,0.0,0.207827573974323,-0.1294746922829138,0.0,1.5655147948645975,-15.894938456582764,0.0
30.002200999000024,0.2,-0.04999999999999998,0.0,0.207827573974323,-0.1294746922829138,0.0,1.5655147948645975,-15.894938456582764,0.0
30.102484545999914,0.2,-0.04999999999999998,0.0,0.207827573974323,-0.1294746922829138,0.0,1.5655147948645975,-15.894938456582764,0.0
30.202820685000006,0.2,-0.04999999999999998,0.0,0.207827573974323,-0.1294746922829138,0.0,1.5655147948645975,-15.894938456582764,0.0
30.30309547899992,0.2,-0.04999999999999998,0.0,0.207827573974323,-0.1294746922829138,0.0,1.5655147948645975,-15.894938456582764,0.0
30.403389299999844,0.2,-0.04999999999999998,0.0,0.207827573974323,-0.1294746922829138,0.0,1.5655147948645975,-15.894938456582764,0.0
30.503994079999984,0.2,-0.04999999999999998,0.0,0.207827573974323,-0.1294746922829138,0.0,1.5655147948645975,-15.894938456582764,0.0
30.604360558000053,0.2,-0.04999999999999998,0.0,0.207827573974323,-0.1294746922829138,0.0,1.5655147948645975,-15.894938456582764,0.0
30.70465107400014,0.2,-0.04999999999999998,0.0,0.207827573974323,-0.1294746922829138,0.0,1.5655147948645975,-15.894938456582764,0.0
30.804961878000313,0.2,-0.04999999999999998,0.0,0.207827573974323,-0.1294746922829138,0.0,1.5655147948645975,-15.894938456582764,0.0
30.905313297000248,0.2,-0.04999999999999998,0.0,0.207827573974323,-0.1294746922829138,0.0,1.5655147948645975,-15.894938456582764,0.0
31.005626080000184,0.2,-0.09999999999999998,0.0,0.20295031592391977,-0.12995506027283305,0.0,0.590063184783951,-5.991012054566614,0.0
31.105989186000215,0.2,-0.09999999999999998,0.0,0.20295031592391977,-0.12995506027283305,0.0,0.590063184783951,-5.991012054566614,0.0
31.20623721100037,0.2,-0.09999999999999998,0.0,0.20295031592391977,-0.12995506027283305,0.0,0.590063184783951,-5.991012054566614,0.0
31.3065214760004,0.2,-0.09999999999999998,0.0,0.20295031592391977,-0.12995506027283305,0.0,0.590063184783951,-5.991012054566614,0.0
31.406913650000433,0.2,-0.15,0.0,0.2,-0.15,0.0,0.0,0.0,0.0
31.507171115000347,0.2,-0.15,0.0,0.2,-0.15,0.0,0.0,0.0,0.0
31.607482578000372,0.2,-0.15,0.0,0.2,-0.15,0.0,0.0,0.0,0.0
31.70773680800039,0.2,-0.2,0.0,0.2,-0.2,0.0,0.0,0.0,0.0
31.808591118000322,0.2,-0.2,0.0,0.2,-0.2,0.0,0.0,0.0,0.0
31.908927072000324,0.2,-0.2,0.0,0.2,-0.2,0.0,0.0,0.0,0.0
32.00924804100032,0.2,-0.2,0.0,0.2,-0.2,0.0,0.0,0.0,0.0
32.10953245700034,0.2,-0.2,0.0,0.2,-0.2,0.0,0.0,0.0,0.0
32.209856781000326,0.2,-0.2,0.0,0.2,-0.2,0.0,0.0,0.0,0.0
32.31019854000033,0.2,-0.2,0.0,0.2,-0.2,0.0,0.0,0.0,0.0
32.41060178200041,0.2,-0.2,0.0,0.2,-0.2,0.0,0.0,0.0,0.0
32.51090740700033,0.2,-0.2,0.0,0.2,-0.2,0.0,0.0,0.0,0.0
32.61140546300021,0.2,-0.2,0.0,0.2,-0.2,0.0,0.0,0.0,0.0
32.711739733000286,0.2,-0.2,0.0,0.2,-0.2,0.0,0.0,0.0,0.0
32.81216425100024,0.2,-0.2,0.0,0.2,-0.2,0.0,0.0,0.0,0.0
32.9124609520004,0.2,-0.2,0.0,0.2,-0.2,0.0,0.0,0.0,0.0
33.01285351300044,0.2,-0.2,0.0,0.2,-0.2,0.0,0.0,0.0,0.0
33.11317641000028,0.2,-0.2,0.0,0.2,-0.2,0.0,0.0,0.0,0.0
33.21345702700023,0.2,-0.2,0.0,0.2,-0.2,0.0,0.0,0.0,0.0
33.31373736200021,0.2,-0.2,0.0,0.2,-0.2,0.0,0.0,0.0,0.0
33.41401704900022,0.2,-0.2,0.0,0.2,-0.2,0.0,0.0,0.0,0.0
33.51432496300026,0.2,-0.2,0.0,0.2,-0.2,0.0,0.0,0.0,0.0
33.61462223400031,0.2,-0.2,0.0,0.2,-0.2,0.0,0.0,0.0,0.0
33.71493417400029,0.2,-0.2,0.0,0.2,-0.2,0.0,0.0,0.0,0.0
33.81528240700027,0.2,-0.2,0.0,0.2,-0.2,0.0,0.0,0.0,0.0
33.915589768000245,0.2,-0.2,0.0,0.2,-0.2,0.0,0.0,0.0,0.0
34.015891665000254,0.2,-0.2,0.0,0.2,-0.2,0.0,0.0,0.0,0.0
34.11627710200037,0.2,-0.2,0.0,0.2,-0.2,0.0,0.0,0.0,0.0
34.216592486000536,0.2,-0.2,0.0,0.2,-0.2,0.0,0.0,0.0,0.0
34.31698927800062,0.2,-0.2,0.0,0.2,-0.2,0.0,0.0,0.0,0.0
34.41727219700056,0.2,-0.2,0.0,0.2,-0.2,0.0,0.0,0.0,0.0
34.51758453800039,0.2,-0.2,0.0,0.2,-0.2,0.0,0.0,0.0,0.0
34.61799886900053,0.2,-0.2,0.0,0.2,-0.2,0.0,0.0,0.0,0.0
34.718480671000634,0.2,-0.2,0.0,0.2,-0.2,0.0,0.0,0.0,0.0
34.818778110000494,0.2,-0.2,0.0,0.2,-0.2,0.0,0.0,0.0,0.0
34.91903197500051,0.2,-0.2,0.0,0.2,-0.2,0.0,0.0,0.0,0.0
35.019308282000566,0.2,-0.2,0.0,0.2,-0.2,0.0,0.0,0.0,0.0
35.11960210100051,0.2,-0.2,0.0,0.2,-0.2,0.0,0.0,0.0,0.0
35.21992413200064,0.2,-0.2,0.0,0.2,-0.2,0.0,0.0,0.0,0.0
35.320240806000584,0.2,-0.2,0.0,0.2,-0.2,0.0,0.0,0.0,0.0
35.42056242200056,0.2,-0.2,0.0,0.2,-0.2,0.0,0.0,0.0,0.0
35.52082735000067,0.2,-0.2,0.0,0.2,-0.2,0.0,0.0,0.0,0.0
35.621163119000585,0.2,-0.2,0.0,0.2,-0.2,0.0,0.0,0.0,0.0
35.721588291000444,0.2,-0.2,0.0,0.2,-0.2,0.0,0.0,0.0,0.0
35.82197721900047,0.2,-0.2,0.0,0.2,-0.2,0.0,0.0,0.0,0.0
35.922321013000555,0.2,-0.2,0.0,0.2,-0.2,0.0,0.0,0.0,0.0
36.02274137000063,0.2,-0.2,0.0,0.2,-0.2,0.0,0.0,0.0,0.0
36.123100173000694,0.2,-0.2,0.0,0.2,-0.2,0.0,0.0,0.0,0.0
